{"$schema":"http://schema.management.azure.com/schemas/2015-01-01/deploymentTemplate.json#","contentVersion":"1.0.0.0","parameters":{"workspaceName":{"type":"string","metadata":"Workspace name","defaultValue":"kgal-pipeline-syn-ws"},"AOI Geospatial v2 FS":{"type":"string"},"AOI Geospatial v2":{"type":"string"},"AOI Data Storage Account v2":{"type":"string"}},"variables":{"workspaceId":"[concat('Microsoft.Synapse/workspaces/', parameters('workspaceName'))]"},"resources":[{"name":"[concat(parameters('workspaceName'), '/E2E Custom Vision Model Flow')]","type":"Microsoft.Synapse/workspaces/pipelines","apiVersion":"2019-06-01-preview","properties":{"activities":[{"name":"Transforms","type":"ExecutePipeline","dependsOn":[],"userProperties":[],"typeProperties":{"pipeline":{"referenceName":"Custom Vision Model Transforms v2","type":"PipelineReference"},"waitOnCompletion":true,"parameters":{"Prefix":{"value":"@pipeline().parameters.Prefix","type":"Expression"},"StorageAccountName":{"value":"@pipeline().parameters.StorageAccountName","type":"Expression"},"AOI":{"value":"@pipeline().parameters.AOI","type":"Expression"},"SparkPoolName":{"value":"@pipeline().parameters.SparkPoolName","type":"Expression"},"EnvCode":{"value":"@pipeline().parameters.EnvCode","type":"Expression"}}}},{"name":"Custom Vision Object Detection","type":"ExecutePipeline","dependsOn":[{"activity":"Transforms","dependencyConditions":["Succeeded"]}],"userProperties":[],"typeProperties":{"pipeline":{"referenceName":"Custom Vision Object Detection v2","type":"PipelineReference"},"waitOnCompletion":true,"parameters":{"Prefix":{"value":"@pipeline().parameters.Prefix","type":"Expression"},"BatchName":{"value":"@pipeline().parameters.BatchAccountName","type":"Expression"},"JobName":{"value":"@pipeline().parameters.BatchJobName","type":"Expression"},"BatchLocation":{"value":"@pipeline().parameters.BatchLocation","type":"Expression"},"StorageAccountName":{"value":"@pipeline().parameters.StorageAccountName","type":"Expression"},"SparkPoolName":{"value":"@pipeline().parameters.SparkPoolName","type":"Expression"},"EnvCode":{"value":"@pipeline().parameters.EnvCode","type":"Expression"}}}}],"policy":{"elapsedTimeMetric":{},"cancelAfter":{}},"parameters":{"Prefix":{"type":"string"},"StorageAccountName":{"type":"string"},"AOI":{"type":"string"},"BatchAccountName":{"type":"string"},"BatchJobName":{"type":"string"},"BatchLocation":{"type":"string"},"SparkPoolName":{"type":"string"},"EnvCode":{"type":"string"}},"variables":{"Storage_Account_Conn_String":{"type":"String"}},"folder":{"name":"E2E Custom Vision Model"},"annotations":[],"lastPublishTime":"2022-06-11T19:23:51Z"},"dependsOn":["[concat(variables('workspaceId'), '/pipelines/Custom Vision Model Transforms v2')]","[concat(variables('workspaceId'), '/pipelines/Custom Vision Object Detection v2')]"]},{"name":"[concat(parameters('workspaceName'), '/Custom Vision Model Transforms v2')]","type":"Microsoft.Synapse/workspaces/pipelines","apiVersion":"2019-06-01-preview","properties":{"activities":[{"name":"Transforms","type":"SparkJob","dependsOn":[],"policy":{"timeout":"7.00:00:00","retry":0,"retryIntervalInSeconds":30,"secureOutput":false,"secureInput":false},"userProperties":[],"typeProperties":{"sparkJob":{"referenceName":"Transforms","type":"SparkJobDefinitionReference"},"file":"https://raw.githubusercontent.com/Azure/Azure-Orbital-Analytics-Samples/main/src/transforms/spark-jobs/customvision_transform/src/main.py","args":["--storage_account_name","@pipeline().parameters.StorageAccountName","--storage_container","@pipeline().parameters.Prefix","--key_vault_name","@concat(pipeline().parameters.EnvCode,'-pipeline-kv')","--storage_account_key_secret_name","GeospatialStorageAccountKey","--linked_service_name","AOI Pipeline Key Vault","--aoi","@split(pipeline().parameters.AOI, ' ')[0]","@split(pipeline().parameters.AOI, ' ')[1]","@split(pipeline().parameters.AOI, ' ')[2]","@split(pipeline().parameters.AOI, ' ')[3]"],"targetBigDataPool":{"referenceName":{"value":"@pipeline().parameters.SparkPoolName","type":"Expression"},"type":"bigDataPoolReference"},"executorSize":"Medium","conf":{"spark.dynamicAllocation.minExecutors":2,"spark.dynamicAllocation.maxExecutors":3},"driverSize":"Medium","numExecutors":2}}],"policy":{"elapsedTimeMetric":{},"cancelAfter":{}},"parameters":{"Prefix":{"type":"string"},"StorageAccountName":{"type":"string"},"AOI":{"type":"string"},"SparkPoolName":{"type":"string"},"EnvCode":{"type":"string"}},"folder":{"name":"E2E Custom Vision Model"},"annotations":[],"lastPublishTime":"2022-06-11T20:23:19Z"},"dependsOn":["[concat(variables('workspaceId'), '/sparkJobDefinitions/Transforms')]"]},{"name":"[concat(parameters('workspaceName'), '/Custom Vision Object Detection v2')]","type":"Microsoft.Synapse/workspaces/pipelines","apiVersion":"2019-06-01-preview","properties":{"activities":[{"name":"Wait for Custom Vision","type":"Until","dependsOn":[{"activity":"Custom Vision","dependencyConditions":["Succeeded"]}],"userProperties":[],"typeProperties":{"expression":{"value":"@and(and(not(equals(string(variables('FunctionCompleted')), 'running')), not(equals(string(variables('FunctionCompleted')), 'active'))), not(equals(string(variables('FunctionCompleted')), 'preparing')))","type":"Expression"},"activities":[{"name":"Wait for Custom Vision Check","type":"Wait","dependsOn":[{"activity":"Set FunctionCompleted Custom Vision","dependencyConditions":["Succeeded"]}],"userProperties":[],"typeProperties":{"waitTimeInSeconds":30}},{"name":"Check Status Custom Vision","type":"WebActivity","dependsOn":[],"policy":{"timeout":"7.00:00:00","retry":0,"retryIntervalInSeconds":30,"secureOutput":false,"secureInput":false},"userProperties":[],"typeProperties":{"url":{"value":"@concat('https://',pipeline().parameters.BatchName,'.',pipeline().parameters.BatchLocation,'.batch.azure.com/jobs/',pipeline().parameters.JobName,'/tasks/aoi-cv-task-', pipeline().RunId, '?api-version=2022-01-01.15.0')","type":"Expression"},"method":"GET","headers":{},"authentication":{"type":"MSI","resource":"https://batch.core.windows.net/"}}},{"name":"Set FunctionCompleted Custom Vision","type":"SetVariable","dependsOn":[{"activity":"Check Status Custom Vision","dependencyConditions":["Succeeded"]}],"userProperties":[],"typeProperties":{"variableName":"FunctionCompleted","value":{"value":"@activity('Check Status Custom Vision').output['state']","type":"Expression"}}},{"name":"Set FunctionError","type":"SetVariable","dependsOn":[{"activity":"Check Status Custom Vision","dependencyConditions":["Failed"]}],"userProperties":[],"typeProperties":{"variableName":"FunctionError","value":{"value":"@activity('Check Status Custom Vision').output['executionInfo']['failureInfo']","type":"Expression"}}}],"timeout":"7.00:00:00"}},{"name":"Custom Vision","type":"WebActivity","dependsOn":[{"activity":"Copy Config file","dependencyConditions":["Succeeded"]},{"activity":"Copy Xml From Convert Transform","dependencyConditions":["Succeeded"]}],"policy":{"timeout":"7.00:00:00","retry":0,"retryIntervalInSeconds":30,"secureOutput":false,"secureInput":false},"userProperties":[],"typeProperties":{"url":{"value":"@concat('https://',pipeline().parameters.BatchName,'.',pipeline().parameters.BatchLocation,'.batch.azure.com/jobs/',pipeline().parameters.JobName,'/tasks?api-version=2020-03-01.11.0')","type":"Expression"},"method":"POST","headers":{"Content-type":"application/json; odata=minimalmetadata; charset=utf-8"},"body":{"value":"@json(concat('{\n  \"id\": \"aoi-cv-task-', pipeline().RunId, '\",\n  \"commandLine\": \"\",\n  \"containerSettings\": {\n    \"imageName\": \"', activity('Read Spec Document').output['runStatus'].output.sink.value[0]['algImageName'], '\",\n    \"containerRunOptions\": \"--rm --workdir / -v /mnt/batch/tasks/fsmounts/S/', pipeline().parameters.Prefix, ':', activity('Read Spec Document').output['runStatus'].output.sink.value[0]['mountedDirectory'], '\"\n  },\n  \"environmentSettings\": [\n      {\n          \"name\": \"APP_INPUT_DIR\",\n          \"value\": \"/mnt/batch/tasks/fsmounts/S/', pipeline().parameters.Prefix,'/', activity('Read Spec Document').output['runStatus'].output.sink.value[0]['submissionDirectory'],'\"\n      },\n      {\n          \"name\": \"APP_OUTPUT_DIR\",\n          \"value\": \"/mnt/batch/tasks/fsmounts/S/', pipeline().parameters.Prefix,'/', activity('Read Spec Document').output['runStatus'].output.sink.value[0]['resultsDirectory'],'\"\n      },\n      {\n          \"name\": \"APP_CONFIG_DIR\",\n          \"value\": \"/mnt/batch/tasks/fsmounts/S/', pipeline().parameters.Prefix,'/', activity('Read Spec Document').output['runStatus'].output.sink.value[0]['contextFileName'],'\"\n      }\n  ]\n}'))","type":"Expression"},"authentication":{"type":"MSI","resource":"https://batch.core.windows.net/"}}},{"name":"Pool Geolocation","type":"SparkJob","dependsOn":[{"activity":"Copy Xml","dependencyConditions":["Succeeded"]},{"activity":"Copy Json","dependencyConditions":["Succeeded"]}],"policy":{"timeout":"7.00:00:00","retry":0,"retryIntervalInSeconds":30,"secureOutput":false,"secureInput":false},"userProperties":[],"typeProperties":{"sparkJob":{"referenceName":"Pool Geolocation","type":"SparkJobDefinitionReference"},"file":"https://raw.githubusercontent.com/Azure/Azure-Orbital-Analytics-Samples/main/src/transforms/spark-jobs/pool_geolocation/src/main.py","args":["--storage_account_name","@pipeline().parameters.StorageAccountName","--storage_container","@pipeline().parameters.Prefix","--src_folder_name","detections","--key_vault_name","@concat(pipeline().parameters.EnvCode,'-pipeline-kv')","--storage_account_key_secret_name","GeospatialStorageAccountKey","--linked_service_name","AOI Pipeline Key Vault"],"files":["https://raw.githubusercontent.com/Azure/Azure-Orbital-Analytics-Samples/main/src/transforms/spark-jobs/pool_geolocation/src/utils.py"],"targetBigDataPool":{"referenceName":{"value":"@pipeline().parameters.SparkPoolName","type":"Expression"},"type":"bigDataPoolReference"},"executorSize":"Medium","conf":{"spark.dynamicAllocation.minExecutors":2,"spark.dynamicAllocation.maxExecutors":3},"driverSize":"Medium","numExecutors":2}},{"name":"Copy Tiles","type":"SparkJob","dependsOn":[{"activity":"Read Spec Document","dependencyConditions":["Succeeded"]}],"policy":{"timeout":"7.00:00:00","retry":0,"retryIntervalInSeconds":30,"secureOutput":false,"secureInput":false},"userProperties":[],"typeProperties":{"sparkJob":{"referenceName":"Copy noop","type":"SparkJobDefinitionReference"},"file":"https://raw.githubusercontent.com/Azure/Azure-Orbital-Analytics-Samples/main/src/transforms/spark-jobs/copy_noop/src/main.py","args":["--storage_account_name","@pipeline().parameters.StorageAccountName","--src_container","@pipeline().parameters.Prefix","--src_folder","tiles","--key_vault_name","@concat(pipeline().parameters.EnvCode,'-pipeline-kv')","--storage_account_key_secret_name","GeospatialStorageAccountKey","--linked_service_name","AOI Pipeline Key Vault","--dst_fileshare","volume-a","--dst_folder","@concat(pipeline().parameters.Prefix,'/', activity('Read Spec Document').output['runStatus'].output.sink.value[0]['submissionDirectory'])","--folders_to_create","@concat(pipeline().parameters.Prefix, '/', activity('Read Spec Document').output['runStatus'].output.sink.value[0]['submissionDirectory'])","--folders_to_create","@concat(pipeline().parameters.Prefix, '/', activity('Read Spec Document').output['runStatus'].output.sink.value[0]['resultsDirectory'])","--folders_to_create","@concat(pipeline().parameters.Prefix,'/', activity('Read Spec Document').output['runStatus'].output.sink.value[0]['logsDirectory'])"],"targetBigDataPool":{"referenceName":{"value":"@pipeline().parameters.SparkPoolName","type":"Expression"},"type":"bigDataPoolReference"},"executorSize":"Medium","conf":{"spark.dynamicAllocation.minExecutors":2,"spark.dynamicAllocation.maxExecutors":3},"driverSize":"Medium","numExecutors":2}},{"name":"Copy Config file","type":"SparkJob","dependsOn":[{"activity":"Copy Tiles","dependencyConditions":["Succeeded"]}],"policy":{"timeout":"7.00:00:00","retry":0,"retryIntervalInSeconds":30,"secureOutput":false,"secureInput":false},"userProperties":[],"typeProperties":{"sparkJob":{"referenceName":"Copy noop","type":"SparkJobDefinitionReference"},"file":"https://raw.githubusercontent.com/Azure/Azure-Orbital-Analytics-Samples/main/src/transforms/spark-jobs/copy_noop/src/main.py","args":["--storage_account_name","@pipeline().parameters.StorageAccountName","--src_container","@pipeline().parameters.Prefix","--src_folder","@concat('config/', activity('Read Spec Document').output['runStatus'].output.sink.value[0]['contextFileName'])","--key_vault_name","@concat(pipeline().parameters.EnvCode,'-pipeline-kv')","--storage_account_key_secret_name","GeospatialStorageAccountKey","--linked_service_name","AOI Pipeline Key Vault","--dst_fileshare","volume-a","--dst_folder","@concat(pipeline().parameters.Prefix, '/', activity('Read Spec Document').output['runStatus'].output.sink.value[0]['contextFileName'])"],"targetBigDataPool":{"referenceName":{"value":"@pipeline().parameters.SparkPoolName","type":"Expression"},"type":"bigDataPoolReference"},"executorSize":"Medium","conf":{"spark.dynamicAllocation.minExecutors":2,"spark.dynamicAllocation.maxExecutors":3},"driverSize":"Medium","numExecutors":2}},{"name":"Copy Json","type":"Copy","dependsOn":[{"activity":"Wait for Custom Vision","dependencyConditions":["Succeeded"]}],"policy":{"timeout":"7.00:00:00","retry":0,"retryIntervalInSeconds":30,"secureOutput":false,"secureInput":false},"userProperties":[],"typeProperties":{"source":{"type":"BinarySource","storeSettings":{"type":"AzureFileStorageReadSettings","recursive":true,"wildcardFolderPath":{"value":"@concat(pipeline().parameters.Prefix, '/', activity('Read Spec Document').output['runStatus'].output.sink.value[0]['resultsDirectory'], '/json')","type":"Expression"},"wildcardFileName":"*.json","deleteFilesAfterCompletion":false},"formatSettings":{"type":"BinaryReadSettings"}},"sink":{"type":"BinarySink","storeSettings":{"type":"AzureBlobFSWriteSettings"}},"enableStaging":false},"inputs":[{"referenceName":"gls122","type":"DatasetReference","parameters":{}}],"outputs":[{"referenceName":"gld122","type":"DatasetReference","parameters":{"DestinationFolderPath":"detections","DestinationContainerName":{"value":"@pipeline().parameters.Prefix","type":"Expression"}}}]},{"name":"Copy Xml","type":"Copy","dependsOn":[{"activity":"Wait for Custom Vision","dependencyConditions":["Succeeded"]}],"policy":{"timeout":"7.00:00:00","retry":0,"retryIntervalInSeconds":30,"secureOutput":false,"secureInput":false},"userProperties":[],"typeProperties":{"source":{"type":"BinarySource","storeSettings":{"type":"AzureFileStorageReadSettings","recursive":true,"wildcardFolderPath":{"value":"@concat(pipeline().parameters.Prefix, '/', activity('Read Spec Document').output['runStatus'].output.sink.value[0]['resultsDirectory'], '/other')","type":"Expression"},"wildcardFileName":"*.xml","deleteFilesAfterCompletion":false},"formatSettings":{"type":"BinaryReadSettings"}},"sink":{"type":"BinarySink","storeSettings":{"type":"AzureBlobFSWriteSettings"}},"enableStaging":false},"inputs":[{"referenceName":"gls122","type":"DatasetReference","parameters":{}}],"outputs":[{"referenceName":"gld122","type":"DatasetReference","parameters":{"DestinationFolderPath":"detections","DestinationContainerName":{"value":"@pipeline().parameters.Prefix","type":"Expression"}}}]},{"name":"Read Spec Document","type":"ExecuteDataFlow","dependsOn":[],"policy":{"timeout":"1.00:00:00","retry":0,"retryIntervalInSeconds":30,"secureOutput":false,"secureInput":false},"userProperties":[],"typeProperties":{"dataflow":{"referenceName":"ReadSpecDocumentFlow122","type":"DataFlowReference","parameters":{},"datasetParameters":{"source":{"filename":"custom_vision_object_detection.json","folderpath":"config","containername":{"value":"@pipeline().parameters.Prefix","type":"Expression"}},"sink":{}}},"staging":{},"compute":{"coreCount":8,"computeType":"General"},"traceLevel":"None","cacheSinks":{"firstRowOnly":true}}},{"name":"Copy Xml From Convert Transform","type":"SparkJob","dependsOn":[{"activity":"Copy Tiles","dependencyConditions":["Succeeded"]}],"policy":{"timeout":"7.00:00:00","retry":0,"retryIntervalInSeconds":30,"secureOutput":false,"secureInput":false},"userProperties":[],"typeProperties":{"sparkJob":{"referenceName":"Copy noop","type":"SparkJobDefinitionReference"},"file":"https://raw.githubusercontent.com/Azure/Azure-Orbital-Analytics-Samples/main/src/transforms/spark-jobs/copy_noop/src/main.py","args":["--storage_account_name","@pipeline().parameters.StorageAccountName","--src_container","@pipeline().parameters.Prefix","--src_folder","convert/output.png.aux.xml","--key_vault_name","@concat(pipeline().parameters.EnvCode,'-pipeline-kv')","--storage_account_key_secret_name","GeospatialStorageAccountKey","--linked_service_name","AOI Pipeline Key Vault","--dst_fileshare","volume-a","--dst_folder","@concat(pipeline().parameters.Prefix, '/', activity('Read Spec Document').output['runStatus'].output.sink.value[0]['submissionDirectory'], '/output.png.aux.xml')"],"targetBigDataPool":{"referenceName":{"value":"@pipeline().parameters.SparkPoolName","type":"Expression"},"type":"bigDataPoolReference"},"executorSize":"Medium","conf":{"spark.dynamicAllocation.minExecutors":2,"spark.dynamicAllocation.maxExecutors":3},"driverSize":"Medium","numExecutors":2}}],"policy":{"elapsedTimeMetric":{},"cancelAfter":{}},"parameters":{"Prefix":{"type":"string"},"BatchName":{"type":"string"},"JobName":{"type":"string"},"BatchLocation":{"type":"string"},"StorageAccountName":{"type":"string"},"SparkPoolName":{"type":"string"},"EnvCode":{"type":"string"}},"variables":{"FunctionCompleted":{"type":"String"},"FunctionError":{"type":"String"}},"folder":{"name":"E2E Custom Vision Model"},"annotations":[],"lastPublishTime":"2022-06-11T20:41:54Z"},"dependsOn":["[concat(variables('workspaceId'), '/sparkJobDefinitions/Pool Geolocation')]","[concat(variables('workspaceId'), '/sparkJobDefinitions/Copy noop')]","[concat(variables('workspaceId'), '/datasets/gls122')]","[concat(variables('workspaceId'), '/datasets/gld122')]","[concat(variables('workspaceId'), '/dataflows/ReadSpecDocumentFlow122')]"]},{"name":"[concat(parameters('workspaceName'), '/Transforms')]","type":"Microsoft.Synapse/workspaces/sparkJobDefinitions","apiVersion":"2019-06-01-preview","properties":{"targetBigDataPool":{"referenceName":"pooldoaxah","type":"BigDataPoolReference"},"requiredSparkVersion":"3.1","language":"python","jobProperties":{"name":"Transforms","file":"abfss://spark-jobs@synhns.dfs.core.windows.net/customvision_transform/src/main.py","conf":{"spark.dynamicAllocation.enabled":"false","spark.dynamicAllocation.minExecutors":"1","spark.dynamicAllocation.maxExecutors":"2","spark.autotune.trackingId":"664d2917-c896-43df-af70-c03b6c55854c"},"args":[],"jars":[],"pyFiles":[],"files":[],"driverMemory":"56g","driverCores":8,"executorMemory":"56g","executorCores":8,"numExecutors":2}},"dependsOn":[]},{"name":"[concat(parameters('workspaceName'), '/Pool Geolocation')]","type":"Microsoft.Synapse/workspaces/sparkJobDefinitions","apiVersion":"2019-06-01-preview","properties":{"targetBigDataPool":{"referenceName":"pooldoaxah","type":"BigDataPoolReference"},"requiredSparkVersion":"3.1","language":"python","jobProperties":{"name":"Pool Geolocation","file":"abfss://spark-jobs@synhns.dfs.core.windows.net/pool_geolocation/src/main.py","conf":{"spark.dynamicAllocation.enabled":"false","spark.dynamicAllocation.minExecutors":"1","spark.dynamicAllocation.maxExecutors":"2","spark.autotune.trackingId":"787b0e70-eba6-4377-bac8-7edf33ede0df"},"args":[],"jars":[],"pyFiles":["abfss://spark-jobs@synhns.dfs.core.windows.net/pool_geolocation/src/utils.py"],"files":[],"driverMemory":"56g","driverCores":8,"executorMemory":"56g","executorCores":8,"numExecutors":2}},"dependsOn":[]},{"name":"[concat(parameters('workspaceName'), '/Copy noop')]","type":"Microsoft.Synapse/workspaces/sparkJobDefinitions","apiVersion":"2019-06-01-preview","properties":{"targetBigDataPool":{"referenceName":"pooldoaxah","type":"BigDataPoolReference"},"requiredSparkVersion":"3.1","language":"python","jobProperties":{"name":"Copy noop","file":"abfss://spark-jobs@synhns.dfs.core.windows.net/copy_noop/src/main.py","conf":{"spark.dynamicAllocation.enabled":"false","spark.dynamicAllocation.minExecutors":"1","spark.dynamicAllocation.maxExecutors":"2","spark.autotune.trackingId":"0e18caf1-858a-411e-ae97-b652ce994b80"},"args":[],"jars":[],"pyFiles":[],"files":[],"driverMemory":"56g","driverCores":8,"executorMemory":"56g","executorCores":8,"numExecutors":2}},"dependsOn":[]},{"name":"[concat(parameters('workspaceName'), '/gls122')]","type":"Microsoft.Synapse/workspaces/datasets","apiVersion":"2019-06-01-preview","properties":{"linkedServiceName":{"referenceName":"[parameters('AOI Geospatial v2 FS')]","type":"LinkedServiceReference"},"annotations":[],"type":"Binary","typeProperties":{"location":{"type":"AzureFileStorageLocation"}}},"dependsOn":[]},{"name":"[concat(parameters('workspaceName'), '/gld122')]","type":"Microsoft.Synapse/workspaces/datasets","apiVersion":"2019-06-01-preview","properties":{"linkedServiceName":{"referenceName":"[parameters('AOI Geospatial v2')]","type":"LinkedServiceReference"},"parameters":{"DestinationFolderPath":{"type":"string"},"DestinationContainerName":{"type":"string"}},"annotations":[],"type":"Binary","typeProperties":{"location":{"type":"AzureBlobFSLocation","folderPath":{"value":"@dataset().DestinationFolderPath","type":"Expression"},"fileSystem":{"value":"@dataset().DestinationContainerName","type":"Expression"}}}},"dependsOn":[]},{"name":"[concat(parameters('workspaceName'), '/ReadSpecDocumentFlow122')]","type":"Microsoft.Synapse/workspaces/dataflows","apiVersion":"2019-06-01-preview","properties":{"type":"MappingDataFlow","typeProperties":{"sources":[{"dataset":{"referenceName":"spec_doc_specification122","type":"DatasetReference"},"name":"source"}],"sinks":[{"name":"sink"}],"transformations":[],"scriptLines":["source(allowSchemaDrift: true,","     validateSchema: false,","     ignoreNoFilesFound: false,","     documentForm: 'arrayOfDocuments') ~> source","source sink(allowSchemaDrift: true,","     validateSchema: false,","     skipDuplicateMapInputs: true,","     skipDuplicateMapOutputs: true,","     store: 'cache',","     format: 'inline',","     output: true,","     saveOrder: 1) ~> sink"]}},"dependsOn":["[concat(variables('workspaceId'), '/datasets/spec_doc_specification122')]"]},{"name":"[concat(parameters('workspaceName'), '/spec_doc_specification122')]","type":"Microsoft.Synapse/workspaces/datasets","apiVersion":"2019-06-01-preview","properties":{"linkedServiceName":{"referenceName":"[parameters('AOI Data Storage Account v2')]","type":"LinkedServiceReference"},"parameters":{"filename":{"type":"string"},"folderpath":{"type":"string"},"containername":{"type":"string"}},"annotations":[],"type":"Json","typeProperties":{"location":{"type":"AzureBlobStorageLocation","fileName":{"value":"@dataset().filename","type":"Expression"},"folderPath":{"value":"@dataset().folderpath","type":"Expression"},"container":{"value":"@dataset().containername","type":"Expression"}}},"schema":{}},"dependsOn":[]}]}